,Algo,Accuracy,Precision
0,xgb,0.9748549323017408,0.9612403100775194
1,Etc,0.9738878143133463,0.9916666666666667
2,SVC,0.971953578336557,0.9393939393939394
3,RF,0.9700193423597679,0.9913793103448276
4,NB,0.9613152804642167,0.9906542056074766
5,BgC,0.9613152804642167,0.8776978417266187
6,GBDT,0.9506769825918762,0.9519230769230769
7,DT,0.9487427466150871,0.8026315789473685
8,LR,0.9439071566731141,0.865546218487395
9,Adaboost,0.9148936170212766,0.7878787878787878
10,kn,0.8965183752417795,1.0
